StartDate,EndDate,Status,IPAddress,Progress,Duration (in seconds),Finished,RecordedDate,ResponseId,RecipientLastName,RecipientFirstName,RecipientEmail,ExternalReference,LocationLatitude,LocationLongitude,DistributionChannel,UserLanguage,Q2,Q3,Q4,Q5,Q6,Q7,Q8,Q9,Q10_1,Q10_2,Q10_3,Q10_4,Q10_5,Q10_6,Q10_7,Q10_8,Q10_9,Q10_10,Q10_11,Q10_12
Start Date,End Date,Response Type,IP Address,Progress,Duration (in seconds),Finished,Recorded Date,Response ID,Recipient Last Name,Recipient First Name,Recipient Email,External Data Reference,Location Latitude,Location Longitude,Distribution Channel,User Language,Enter your anonymous four-digit ID number below:,What is your gender?,What year were you born?,Where are you from?,What is your highest educational level?,Do you identify as being neurodivergent?,Do you have experience working or interacting with neurodivergent individuals?,"If you answered yes to the previous question, please indicate how much experience you have:","Please answer every question.
Rate your confidence on a scale from 1 (very uncertain) to 10 (very certain). - How certain are you that you are able to successfully identify the issues the neurodivergent individual wishes to address during the conversation?","Please answer every question.
Rate your confidence on a scale from 1 (very uncertain) to 10 (very certain). - How certain are you that you are able to successfully make an agenda/plan for the conversation with the neurodivergent individual?","Please answer every question.
Rate your confidence on a scale from 1 (very uncertain) to 10 (very certain). - How certain are you that you are able to successfully urge the neurodivergent individual to expand on their problems/worries?","Please answer every question.
Rate your confidence on a scale from 1 (very uncertain) to 10 (very certain). - How certain are you that you are able to successfully listen attentively without interrupting or changing focus?","Please answer every question.
Rate your confidence on a scale from 1 (very uncertain) to 10 (very certain). - How certain are you that you are able to successfully encourage the neurodivergent individual to express thoughts and feelings?","Please answer every question.
Rate your confidence on a scale from 1 (very uncertain) to 10 (very certain). - How certain are you that you are able to successfully structure the conversation with the neurodivergent individual?","Please answer every question.
Rate your confidence on a scale from 1 (very uncertain) to 10 (very certain). - How certain are you that you are able to successfully demonstrate appropriate non-verbal behavior (e.g., eye contact, facial expression, posture, and tone) in a way that is respectful of neurodivergent preferences?","Please answer every question.
Rate your confidence on a scale from 1 (very uncertain) to 10 (very certain). - How certain are you that you are able to successfully show empathy (acknowledge the neurodivergent individual's views and feelings)?","Please answer every question.
Rate your confidence on a scale from 1 (very uncertain) to 10 (very certain). - How certain are you that you are able to successfully clarify what the neurodivergent individual knows in order to communicate the right amount of information?","Please answer every question.
Rate your confidence on a scale from 1 (very uncertain) to 10 (very certain). - How certain are you that you are able to successfully check the neurodivergent individual's understanding of the information given?","Please answer every question.
Rate your confidence on a scale from 1 (very uncertain) to 10 (very certain). - How certain are you that you are able to successfully make a plan based on shared decisions between you and the neurodivergent individual?","Please answer every question.
Rate your confidence on a scale from 1 (very uncertain) to 10 (very certain). - How certain are you that you are able to successfully close the conversation by assuring that the neurodivergent individual's questions have been answered?"
"{""ImportId"":""startDate"",""timeZone"":""America/Denver""}","{""ImportId"":""endDate"",""timeZone"":""America/Denver""}","{""ImportId"":""status""}","{""ImportId"":""ipAddress""}","{""ImportId"":""progress""}","{""ImportId"":""duration""}","{""ImportId"":""finished""}","{""ImportId"":""recordedDate"",""timeZone"":""America/Denver""}","{""ImportId"":""_recordId""}","{""ImportId"":""recipientLastName""}","{""ImportId"":""recipientFirstName""}","{""ImportId"":""recipientEmail""}","{""ImportId"":""externalDataReference""}","{""ImportId"":""locationLatitude""}","{""ImportId"":""locationLongitude""}","{""ImportId"":""distributionChannel""}","{""ImportId"":""userLanguage""}","{""ImportId"":""QID2_TEXT""}","{""ImportId"":""QID4""}","{""ImportId"":""QID5_TEXT""}","{""ImportId"":""QID6""}","{""ImportId"":""QID7""}","{""ImportId"":""QID8""}","{""ImportId"":""QID9""}","{""ImportId"":""QID10""}","{""ImportId"":""QID11_1""}","{""ImportId"":""QID11_2""}","{""ImportId"":""QID11_3""}","{""ImportId"":""QID11_4""}","{""ImportId"":""QID11_5""}","{""ImportId"":""QID11_6""}","{""ImportId"":""QID11_7""}","{""ImportId"":""QID11_8""}","{""ImportId"":""QID11_9""}","{""ImportId"":""QID11_10""}","{""ImportId"":""QID11_11""}","{""ImportId"":""QID11_12""}"
2025-09-17 12:11:40,2025-09-17 12:13:13,0,37.19.221.219,100,93,1,2025-09-17 12:13:14,R_6ovbF2AwPYO6ALT,,,,,29.7539,-95.359,qr,EN,1042,2,2004,1,4,1,2,,6,6,7,5,7,6,6,6,7,8,6,7
2025-09-17 12:11:40,2025-09-17 12:13:16,0,192.88.11.210,100,95,1,2025-09-17 12:13:17,R_1kuoHkUbV3tY5sJ,,,,,32.3251,-95.2981,qr,EN,1067,1,2004,1,3,1,2,,10,9,8,8,7,9,9,9,9,9,8,8
2025-09-17 12:11:41,2025-09-17 12:13:17,0,192.88.11.210,100,95,1,2025-09-17 12:13:17,R_5JkFjAsgNKJAoRH,,,,,32.3251,-95.2981,qr,EN,1044,2,2005,1,4,1,2,,8,8,8,8,8,8,8,8,8,8,8,8
2025-09-17 12:11:44,2025-09-17 12:13:18,0,192.88.11.210,100,94,1,2025-09-17 12:13:18,R_5Rg3fiiojYokZOV,,,,,32.3251,-95.2981,qr,EN,1083,2,2004,3,3,1,2,,1,1,1,7,1,1,3,6,3,3,2,2
2025-09-17 12:11:39,2025-09-17 12:13:22,0,192.88.11.210,100,102,1,2025-09-17 12:13:22,R_5p3eHrvZFmAGRAl,,,,,32.3251,-95.2981,qr,EN,1017,2,2003,1,3,3,1,4,8,7,8,10,9,8,10,10,8,7,7,7
2025-09-17 12:11:42,2025-09-17 12:13:26,0,192.88.11.210,100,104,1,2025-09-17 12:13:26,R_55zqwJxWv2eOnIG,,,,,32.3251,-95.2981,qr,EN,1088,1,1996,1,3,2,2,,4,4,7,9,8,7,7,9,6,7,7,8
2025-09-17 12:11:59,2025-09-17 12:13:27,0,192.88.11.210,100,87,1,2025-09-17 12:13:28,R_7ax8rISMRV0PUSl,,,,,32.3251,-95.2981,qr,EN,1061,1,2005,1,1,1,2,,2,2,2,2,2,2,3,2,4,3,2,2
2025-09-17 12:11:39,2025-09-17 12:13:31,0,192.88.11.210,100,112,1,2025-09-17 12:13:31,R_1O6xWvGEdjAZLZi,,,,,32.3251,-95.2981,qr,EN,1029,2,2004,1,1,1,2,,3,1,1,10,7,5,4,3,2,4,4,5
2025-09-17 12:11:50,2025-09-17 12:13:32,0,192.88.11.210,100,102,1,2025-09-17 12:13:32,R_1VeCSePDdvX5sLT,,,,,32.3251,-95.2981,qr,EN,1033,2,2005,1,3,1,2,,3,5,3,9,7,5,5,10,6,6,5,9
2025-09-17 12:11:42,2025-09-17 12:13:35,0,192.88.11.210,100,112,1,2025-09-17 12:13:35,R_1lRFK5fOY8XWMSN,,,,,32.3251,-95.2981,qr,EN,1041,2,2006,1,4,1,2,,5,5,4,6,4,5,4,5,4,6,3,4
2025-09-17 12:11:38,2025-09-17 12:13:36,0,192.88.11.210,100,118,1,2025-09-17 12:13:37,R_12JSM8ETlChYclr,,,,,32.3251,-95.2981,qr,EN,1032,2,2005,1,3,2,1,4,4,6,3,8,8,5,9,10,5,8,6,10
2025-09-17 12:11:44,2025-09-17 12:13:36,0,192.88.11.210,100,112,1,2025-09-17 12:13:37,R_1FXg3s2OuEmZu4F,,,,,32.3251,-95.2981,qr,EN,1001,2,2004,1,3,1,2,,5,5,5,5,5,6,8,10,5,5,5,5
2025-09-17 12:11:46,2025-09-17 12:13:37,0,192.88.11.210,100,110,1,2025-09-17 12:13:37,R_1WIRh62ZPcwuFRf,,,,,32.3251,-95.2981,qr,EN,1035,1,2003,1,1,1,2,,10,8,6,1,3,6,7,6,5,5,8,8
2025-09-17 12:11:42,2025-09-17 12:13:37,0,192.88.11.210,100,115,1,2025-09-17 12:13:37,R_1Oid7JxljhGSeZO,,,,,32.3251,-95.2981,qr,EN,1059,2,2003,1,4,1,1,2,6,8,8,7,9,8,8,10,9,9,9,9
2025-09-17 12:11:39,2025-09-17 12:13:42,0,192.88.11.210,100,123,1,2025-09-17 12:13:42,R_51Ht8TzSfvxyHKA,,,,,32.3251,-95.2981,qr,EN,1046,2,2003,3,4,2,2,,6,4,6,8,8,4,7,8,5,5,5,6
2025-09-17 12:11:41,2025-09-17 12:13:42,0,192.88.11.210,100,121,1,2025-09-17 12:13:43,R_5eFDSqEvKJAC2xJ,,,,,32.3251,-95.2981,qr,EN,1019,3,2006,2,3,3,1,7,10,10,10,10,10,10,10,10,10,10,10,10
2025-09-17 12:11:48,2025-09-17 12:13:43,0,174.224.7.220,100,115,1,2025-09-17 12:13:43,R_7f2hX2o47u8Pb4I,,,,,32.8372,-96.769,qr,EN,1084,2,2004,3,4,2,2,,7,9,8,8,8,8,10,10,8,8,8,8
2025-09-17 12:11:47,2025-09-17 12:13:44,0,192.88.11.210,100,116,1,2025-09-17 12:13:44,R_5Gf4thekiWiSKFX,,,,,32.3251,-95.2981,qr,EN,1096,2,2003,1,3,1,2,,7,5,5,5,5,5,5,5,5,5,5,5
2025-09-17 12:11:44,2025-09-17 12:13:47,0,192.88.11.210,100,122,1,2025-09-17 12:13:48,R_5VUaR60fNIFUzgl,,,,,32.3251,-95.2981,qr,EN,1034,2,"2005 ",2,3,1,1,5,5,6,5,7,7,7,8,9,6,6,7,7
2025-09-17 12:11:39,2025-09-17 12:13:48,0,192.88.11.210,100,129,1,2025-09-17 12:13:49,R_5hAselWTbf8fK4w,,,,,32.3251,-95.2981,qr,EN,1037,1,2004,1,3,1,2,,7,5,8,7,7,6,10,10,8,8,7,10
2025-09-17 12:11:42,2025-09-17 12:13:49,0,38.114.122.175,100,127,1,2025-09-17 12:13:49,R_6OoAAJIkTy2XCRP,,,,,32.7767,-96.805,qr,EN,1080,2,2004,1,3,1,2,,7,6,6,8,9,8,7,9,7,8,7,7
2025-09-17 12:11:42,2025-09-17 12:13:49,0,192.88.11.210,100,127,1,2025-09-17 12:13:50,R_1e9yDNBcxGADjQq,,,,,32.3251,-95.2981,qr,EN,1018,2,2000,1,3,1,2,,5,5,5,7,5,4,5,10,4,4,6,6
2025-09-17 12:12:13,2025-09-17 12:13:52,0,192.88.11.210,100,99,1,2025-09-17 12:13:53,R_5mCQfQcLp6PX79y,,,,,32.3251,-95.2981,qr,EN,1056,2,2004,1,5,1,2,,3,3,3,7,7,6,6,6,5,6,5,4
2025-09-17 12:11:47,2025-09-17 12:13:57,0,192.88.11.210,100,130,1,2025-09-17 12:13:58,R_5i3QB9Xjat1VyKt,,,,,32.3251,-95.2981,qr,EN,1069,1,2002,1,5,1,1,5,5,7,5,7,5,6,8,10,7,6,8,7
2025-09-17 12:11:41,2025-09-17 12:13:58,0,192.88.11.210,100,137,1,2025-09-17 12:13:59,R_5njVVyC3zAgwcH7,,,,,32.3251,-95.2981,qr,EN,1082,2,2006,1,4,1,2,,6,4,6,10,5,4,8,9,6,8,6,9
2025-09-17 12:11:39,2025-09-17 12:14:00,0,192.88.11.210,100,140,1,2025-09-17 12:14:00,R_5AQ1ZAmBwll23Pb,,,,,32.3251,-95.2981,qr,EN,1012,2,2004,1,4,1,2,,4,1,1,8,1,1,4,7,1,1,1,1
2025-09-17 12:11:45,2025-09-17 12:14:00,0,192.88.11.210,100,134,1,2025-09-17 12:14:00,R_1r4lve2lJAGHVBL,,,,,32.3251,-95.2981,qr,EN,1085,1,2001,1,3,3,1,5,5,6,8,6,8,3,8,10,3,6,7,7
2025-09-17 12:11:38,2025-09-17 12:14:01,0,192.88.11.210,100,142,1,2025-09-17 12:14:01,R_5NyR94IPjnSiQSb,,,,,32.3251,-95.2981,qr,EN,1007,2,1996,3,5,1,2,,6,6,5,9,8,6,9,10,8,7,7,8
2025-09-17 12:11:37,2025-09-17 12:14:01,0,192.88.11.210,100,144,1,2025-09-17 12:14:02,R_5hG952YUWvvlSHu,,,,,32.3251,-95.2981,qr,EN,1026,2,2005,1,1,1,1,3,4,3,1,2,3,3,2,4,4,4,3,2
2025-09-17 12:11:39,2025-09-17 12:14:03,0,192.88.11.210,100,143,1,2025-09-17 12:14:03,R_10UY99zgA4PyyBO,,,,,32.3251,-95.2981,qr,EN,1077,2,2007,1,4,1,2,,7,7,7,7,10,7,10,7,8,7,7,7
2025-09-17 12:11:41,2025-09-17 12:14:04,0,192.88.11.210,100,143,1,2025-09-17 12:14:04,R_1Jw2xpjO5cPQk57,,,,,32.3251,-95.2981,qr,EN,1025,2,2004,1,4,1,1,6,4,4,4,5,6,5,5,9,7,7,7,7
2025-09-17 12:11:42,2025-09-17 12:14:04,0,192.88.11.210,100,142,1,2025-09-17 12:14:05,R_5nZTWI4SsTtrgko,,,,,32.3251,-95.2981,qr,EN,1053,1,2000,1,5,1,2,,5,5,5,6,5,4,5,4,5,4,5,5
2025-09-17 12:11:39,2025-09-17 12:14:07,0,192.88.11.210,100,147,1,2025-09-17 12:14:07,R_5mU1pGrU9aMAuC5,,,,,32.3251,-95.2981,qr,EN,1081,2,2005,1,4,1,1,4,7,10,8,7,10,6,10,10,6,7,6,6
2025-09-17 12:11:41,2025-09-17 12:14:08,0,192.88.11.210,100,146,1,2025-09-17 12:14:08,R_1xpwzBUTinakEAp,,,,,32.3251,-95.2981,qr,EN,1075,2,2003,1,5,1,1,,7,7,5,9,7,7,9,10,7,6,5,6
2025-09-17 12:11:41,2025-09-17 12:14:08,0,192.88.11.210,100,147,1,2025-09-17 12:14:08,R_1rrAzoXhrGYp6Df,,,,,32.3251,-95.2981,qr,EN,1089,2,2004,1,3,1,2,,7,5,5,10,10,9,8,10,5,5,5,5
2025-09-17 12:11:45,2025-09-17 12:14:08,0,146.75.165.41,100,143,1,2025-09-17 12:14:08,R_1rSLzOKVRWEZtNN,,,,,32.3538,-95.3093,qr,EN,1072,2,9/27/2001,1,1,2,2,,7,8,8,10,10,9,10,10,10,9,9,9
2025-09-17 12:11:39,2025-09-17 12:14:08,0,192.88.11.210,100,148,1,2025-09-17 12:14:09,R_1tcC1DwhZscgYJX,,,,,32.3251,-95.2981,qr,EN,1009,2,2004,2,3,1,2,,7,7,6,10,8,7,8,10,7,7,6,6
2025-09-17 12:11:46,2025-09-17 12:14:10,0,192.88.11.210,100,143,1,2025-09-17 12:14:10,R_138Xz2m5emH3xN6,,,,,32.3251,-95.2981,qr,EN,1031,2,2003,1,4,1,2,,4,4,5,10,10,5,9,10,5,5,5,5
2025-09-17 12:11:41,2025-09-17 12:14:11,0,192.88.11.210,100,150,1,2025-09-17 12:14:12,R_1hfQLLXNKdshECu,,,,,32.3251,-95.2981,qr,EN,1013,2,2005,1,3,1,1,3,4,5,5,8,6,5,7,10,4,4,5,4
2025-09-17 12:11:39,2025-09-17 12:14:15,0,192.88.11.210,100,156,1,2025-09-17 12:14:16,R_1abIAPCrPEMcENQ,,,,,32.3251,-95.2981,qr,EN,1090,2,2002,1,4,1,1,4,6,5,7,8,6,5,9,10,8,8,5,5
2025-09-17 12:11:42,2025-09-17 12:14:15,0,192.88.11.210,100,152,1,2025-09-17 12:14:16,R_13DYdKFN5AQ8sKh,,,,,32.3251,-95.2981,qr,EN,1092,1,2004,1,4,2,2,,8,8,8,8,8,8,8,8,8,8,8,8
2025-09-17 12:11:39,2025-09-17 12:14:15,0,192.88.11.210,100,156,1,2025-09-17 12:14:16,R_1Ks8PO7vBcRJ7LC,,,,,32.3251,-95.2981,qr,EN,1051,2,2005,1,3,1,2,,8,7,8,10,10,7,10,10,9,8,9,8
2025-09-17 12:11:38,2025-09-17 12:14:16,0,192.88.11.210,100,158,1,2025-09-17 12:14:16,R_53m90hAQahWAd4j,,,,,32.3251,-95.2981,qr,EN,1008,2,2005,1,3,1,2,,7,5,9,10,7,10,10,10,5,5,5,6
2025-09-17 12:11:49,2025-09-17 12:14:16,0,67.220.94.219,100,147,1,2025-09-17 12:14:17,R_5je67t98h3bg7nm,,,,,43.6547,-79.3623,qr,EN,1068,1,2006,2,1,1,2,,3,2,2,10,5,4,6,5,5,5,5,6
2025-09-17 12:11:42,2025-09-17 12:14:21,0,192.88.11.210,100,158,1,2025-09-17 12:14:21,R_5iX6lxhQde70GMo,,,,,32.3251,-95.2981,qr,EN,1045,2,2002,1,3,1,2,,5,5,5,10,7,6,7,10,7,6,8,10
2025-09-17 12:11:42,2025-09-17 12:14:22,0,167.88.62.7,100,160,1,2025-09-17 12:14:22,R_3kk4krqtk4m4OeB,,,,,32.7797,-96.8022,qr,EN,1054,2,2005,1,3,1,1,2,7,9,9,8,8,8,9,9,9,8,8,8
2025-09-17 12:11:53,2025-09-17 12:14:23,0,192.88.11.210,100,149,1,2025-09-17 12:14:23,R_1zj7Xk4UGu4ary1,,,,,32.3251,-95.2981,qr,EN,1040,2,2004,1,4,1,1,3,4,5,4,4,4,4,5,6,3,4,4,4
2025-09-17 12:11:40,2025-09-17 12:14:23,0,192.88.11.210,100,162,1,2025-09-17 12:14:23,R_51bLnUXzgWDuUYE,,,,,32.3251,-95.2981,qr,EN,1022,2,2003,1,3,3,2,,6,3,3,4,5,5,8,7,7,8,6,8
2025-09-17 12:11:42,2025-09-17 12:14:23,0,192.88.11.210,100,161,1,2025-09-17 12:14:23,R_1urOQzI1Bkr08Lv,,,,,32.3251,-95.2981,qr,EN,1091,1,1998,1,3,1,2,,5,4,4,10,9,5,5,5,4,9,10,10
2025-09-17 12:11:40,2025-09-17 12:14:23,0,192.88.11.210,100,163,1,2025-09-17 12:14:23,R_5EbhIZ0M1CQQUDv,,,,,32.3251,-95.2981,qr,EN,1024,1,2003,1,1,1,2,,1,1,2,2,2,1,1,3,2,2,2,2
2025-09-17 12:11:39,2025-09-17 12:14:26,0,192.88.11.210,100,166,1,2025-09-17 12:14:27,R_533J1A6jlR7tDEq,,,,,32.3251,-95.2981,qr,EN,1011,2,2000,1,5,1,2,,4,2,5,7,5,2,3,8,3,5,6,3
2025-09-17 12:11:43,2025-09-17 12:14:27,0,192.88.11.210,100,164,1,2025-09-17 12:14:27,R_1kFjqvCkXufoWVM,,,,,32.3251,-95.2981,qr,EN,1052,2,2003,1,4,2,2,,5,5,6,9,9,5,8,8,8,7,8,8
2025-09-17 12:11:47,2025-09-17 12:14:29,0,192.88.11.210,100,162,1,2025-09-17 12:14:29,R_5wSgjreX62E9aqB,,,,,32.3251,-95.2981,qr,EN,1055,2,2004,1,4,1,2,,5,4,4,5,7,3,6,6,6,6,7,6
2025-09-17 12:11:48,2025-09-17 12:14:34,0,192.88.11.210,100,165,1,2025-09-17 12:14:35,R_5cWtkSv65O7iqGt,,,,,32.3251,-95.2981,qr,EN,1070,1,2004,1,4,1,2,,5,5,7,10,5,4,6,5,5,6,5,5
2025-09-17 12:11:47,2025-09-17 12:14:38,0,192.88.11.210,100,171,1,2025-09-17 12:14:39,R_1stoCqRRzcMCXFD,,,,,32.3251,-95.2981,qr,EN,1098,1,2002,3,1,1,2,,4,4,3,7,5,6,7,9,6,5,6,7
2025-09-17 12:11:38,2025-09-17 12:14:41,0,192.88.11.210,100,183,1,2025-09-17 12:14:42,R_1pcpFXWOUET2vuo,,,,,32.3251,-95.2981,qr,EN,1005,2,2004,1,3,2,1,6,8,8,6,10,8,8,10,10,8,9,8,8
2025-09-17 12:11:40,2025-09-17 12:14:42,0,172.225.248.183,100,181,1,2025-09-17 12:14:42,R_5tDwrQ2pgoBjm8h,,,,,33.7485,-84.3871,qr,EN,1020,1,2005,1,1,1,2,,5,3,4,6,7,3,4,6,4,5,4,3
2025-09-17 12:11:40,2025-09-17 12:14:47,0,192.88.11.210,100,187,1,2025-09-17 12:14:48,R_5pPsEuQ2eMeS6Ep,,,,,32.3251,-95.2981,qr,EN,1065,2,2003,1,5,1,2,,3,2,3,7,3,2,5,4,3,3,4,4
2025-09-17 12:11:40,2025-09-17 12:14:51,0,192.88.11.210,100,190,1,2025-09-17 12:14:51,R_50OFekWm1slo6Zy,,,,,32.3251,-95.2981,qr,EN,1016,2,2005,1,4,1,2,,3,3,7,5,8,10,10,9,6,5,5,5
2025-09-17 12:11:52,2025-09-17 12:14:51,0,192.88.11.210,100,179,1,2025-09-17 12:14:52,R_12QnR4LqENvgz0O,,,,,32.3251,-95.2981,qr,EN,1050,2,2004,1,4,1,2,,4,8,5,9,7,7,7,10,8,8,9,8
2025-09-17 12:11:43,2025-09-17 12:14:52,0,192.88.11.210,100,189,1,2025-09-17 12:14:53,R_5rCquKnt82B3iF5,,,,,32.3251,-95.2981,qr,EN,1064,2,2003,2,4,1,1,2,2,2,2,2,2,2,2,5,4,2,3,3
2025-09-17 12:12:16,2025-09-17 12:14:53,0,192.88.11.210,100,156,1,2025-09-17 12:14:53,R_1sSJnT3o21cVk4b,,,,,32.3251,-95.2981,qr,EN,1027,2,2005,1,4,1,2,,2,4,3,10,5,4,10,10,3,4,8,4
2025-09-17 12:11:48,2025-09-17 12:14:53,0,192.88.11.210,100,185,1,2025-09-17 12:14:53,R_1TjgtFlCxxChSUN,,,,,32.3251,-95.2981,qr,EN,1048,1,2003,1,1,1,2,,5,8,5,10,8,4,10,10,5,7,8,5
2025-09-17 12:13:50,2025-09-17 12:14:54,0,192.88.11.210,100,63,1,2025-09-17 12:14:54,R_34PH65qldvgJ1cJ,,,,,32.3251,-95.2981,qr,EN,1043,2,2005,2,4,1,2,,4,5,5,7,4,5,6,8,8,7,8,6
2025-09-17 12:11:40,2025-09-17 12:14:55,0,192.88.11.210,100,194,1,2025-09-17 12:14:55,R_5LHk6WdjrkGyzu7,,,,,32.3251,-95.2981,qr,EN,1036,1,1987,1,4,1,1,6,5,5,5,10,5,5,10,10,5,5,5,5
2025-09-17 12:11:42,2025-09-17 12:14:56,0,192.88.11.210,100,194,1,2025-09-17 12:14:57,R_5nu3pqpU7n2wlXd,,,,,32.3251,-95.2981,qr,EN,1057,2,02/21/2004,1,1,1,1,7,7,6,7,9,6,10,8,10,5,7,5,8
2025-09-17 12:11:49,2025-09-17 12:14:57,0,192.88.11.210,100,187,1,2025-09-17 12:14:57,R_12fFPgTWxO1gaG1,,,,,32.3251,-95.2981,qr,EN,1076,2,1992,1,1,1,1,4,4,4,4,4,3,4,5,5,5,4,4,4
2025-09-17 12:11:40,2025-09-17 12:15:01,0,192.88.11.210,100,200,1,2025-09-17 12:15:01,R_1cdcuJXv1uPyiSl,,,,,32.3251,-95.2981,qr,EN,1030,2,2006,1,1,1,2,,4,6,5,6,6,4,8,9,4,5,4,6
2025-09-17 12:11:51,2025-09-17 12:15:01,0,192.88.11.210,100,189,1,2025-09-17 12:15:02,R_53lgAlR7N7vWAzK,,,,,32.3251,-95.2981,qr,EN,1004,2,2000,1,5,1,2,,1,1,1,7,1,1,8,10,1,1,1,1
2025-09-17 12:11:41,2025-09-17 12:15:04,0,79.127.244.142,100,202,1,2025-09-17 12:15:04,R_3nk4kmKjVYLFfn6,,,,,32.7797,-96.8022,qr,EN,1038,1,2005,1,1,3,1,3,7,6,8,9,8,7,6,8,9,8,9,7
2025-09-17 12:12:00,2025-09-17 12:15:05,0,38.68.134.29,100,184,1,2025-09-17 12:15:05,R_116Ar0IbTvAaeB4,,,,,32.7797,-96.8022,qr,EN,1093,1,2003,1,4,3,1,3,6,5,6,8,4,6,8,7,7,6,7,6
2025-09-17 12:11:41,2025-09-17 12:15:05,0,192.88.11.210,100,204,1,2025-09-17 12:15:05,R_5OwVh580L96H7Fi,,,,,32.3251,-95.2981,qr,EN,1066,2,1983,1,5,1,1,3,5,5,5,8,8,5,10,9,7,5,8,5
2025-09-17 12:11:41,2025-09-17 12:15:05,0,192.88.11.210,100,204,1,2025-09-17 12:15:05,R_5gtmo5oLdg05Fb7,,,,,32.3251,-95.2981,qr,EN,1039,2,2004,1,1,1,2,,5,6,4,9,8,7,9,10,8,9,6,7
2025-09-17 12:11:43,2025-09-17 12:15:09,0,192.88.11.210,100,206,1,2025-09-17 12:15:09,R_5RboemZGk5JALnP,,,,,32.3251,-95.2981,qr,EN,1006,2,2004,1,4,1,1,2,1,3,2,7,3,2,4,10,5,3,1,3
2025-09-17 12:11:45,2025-09-17 12:15:14,0,192.88.11.210,100,209,1,2025-09-17 12:15:15,R_1BwUdDfxLcUspPh,,,,,32.3251,-95.2981,qr,EN,1060,2,2004,2,3,1,1,2,4,5,6,6,6,5,8,7,6,5,7,5
2025-09-17 12:11:45,2025-09-17 12:15:16,0,192.88.11.210,100,210,1,2025-09-17 12:15:16,R_5EAaBjGN0tjwMr7,,,,,32.3251,-95.2981,qr,EN,1095,2,2002,1,3,1,2,,2,3,1,10,7,3,8,9,3,2,4,7
2025-09-17 12:11:44,2025-09-17 12:15:16,0,192.88.11.210,100,212,1,2025-09-17 12:15:17,R_3GNcEHbfjfybJbc,,,,,32.7797,-96.8022,qr,EN,1078,2,2005,1,3,1,2,,1,1,1,10,3,2,2,5,1,2,1,2
2025-09-17 12:11:46,2025-09-17 12:15:18,0,69.50.95.51,100,211,1,2025-09-17 12:15:18,R_1gcIfyFQD7ejnQA,,,,,39.7391,-104.9866,qr,EN,1097,1,2001,2,4,2,2,,9,5,3,5,7,8,5,6,8,3,10,8
2025-09-17 12:11:43,2025-09-17 12:15:22,0,192.88.11.210,100,218,1,2025-09-17 12:15:22,R_1HS2BmW30Mot30Z,,,,,32.3251,-95.2981,qr,EN,1087,2,1996,2,5,2,1,3,5,2,2,7,5,4,8,10,6,7,6,4
2025-09-17 12:13:37,2025-09-17 12:15:30,0,192.88.11.210,100,112,1,2025-09-17 12:15:30,R_3KIrgxf2a4gHIXh,,,,,32.3251,-95.2981,qr,EN,1014,2,1990,1,4,2,2,,5,5,5,5,5,5,5,5,5,5,5,5
2025-09-17 12:11:46,2025-09-17 12:15:37,0,192.88.11.210,100,230,1,2025-09-17 12:15:37,R_5Ilwc6kQnosWyOZ,,,,,32.3251,-95.2981,qr,EN,1010,1,2003,1,1,1,1,5,7,7,4,6,6,5,8,8,5,9,10,9
2025-09-17 12:11:41,2025-09-17 12:15:37,0,192.88.11.210,100,236,1,2025-09-17 12:15:38,R_1gNIWLZ8SIn6ijd,,,,,32.3251,-95.2981,qr,EN,1062,2,06/16/1997,3,4,2,2,,10,10,10,10,10,10,10,10,10,10,10,10
2025-09-17 12:11:42,2025-09-17 12:15:41,0,192.88.11.210,100,239,1,2025-09-17 12:15:41,R_1NP3syurgCrW0Z3,,,,,32.3251,-95.2981,qr,EN,1002,2,2005,1,4,1,2,,3,3,3,5,3,3,5,7,5,5,3,5
2025-09-17 12:11:47,2025-09-17 12:15:47,0,192.88.11.210,100,240,1,2025-09-17 12:15:48,R_1WSDwTuG8klRFq7,,,,,32.3251,-95.2981,qr,EN,1049,2,2005,1,1,1,2,,5,6,5,10,7,5,10,10,5,5,5,5
2025-09-17 12:11:48,2025-09-17 12:15:49,0,192.88.11.210,100,240,1,2025-09-17 12:15:49,R_1kfem9S4yZnZ1Sh,,,,,32.3251,-95.2981,qr,EN,1074,2,2004,1,4,2,1,7,5,5,5,6,5,7,7,8,5,5,5,5
2025-09-17 12:11:39,2025-09-17 12:15:59,0,192.88.11.210,100,260,1,2025-09-17 12:16:00,R_1WTIxBMyPn6oNMh,,,,,32.3251,-95.2981,qr,EN,1021,2,2004,1,1,1,2,,5,5,5,7,5,5,5,7,5,6,5,6
2025-09-17 12:11:48,2025-09-17 12:16:05,0,192.88.11.210,100,257,1,2025-09-17 12:16:05,R_5krCWOiWydp4i89,,,,,32.3251,-95.2981,qr,EN,1023,1,1997,1,4,2,2,,5,6,6,7,6,6,8,9,7,4,6,6
2025-09-17 12:11:40,2025-09-17 12:16:12,0,192.88.11.210,100,271,1,2025-09-17 12:16:12,R_52tu5KeTexD3rMS,,,,,32.3251,-95.2981,qr,EN,1003,2,2004,1,4,1,2,,5,6,5,5,6,3,5,7,5,5,5,6
2025-09-17 12:11:41,2025-09-17 12:16:13,0,192.88.11.210,100,271,1,2025-09-17 12:16:13,R_3xJGYTKKExa2gaI,,,,,32.3251,-95.2981,qr,EN,1071,2,2002,1,4,3,1,6,6,4,4,8,5,6,9,8,6,7,5,6
2025-09-17 12:11:45,2025-09-17 12:16:17,0,192.88.11.210,100,271,1,2025-09-17 12:16:17,R_1hWOAF1n3oP7MCk,,,,,32.3251,-95.2981,qr,EN,1063,2,2004,1,4,3,2,,6,5,5,6,6,8,7,7,5,6,5,5
2025-09-17 12:11:44,2025-09-17 12:16:19,0,192.88.11.210,100,274,1,2025-09-17 12:16:19,R_1FKaXoaoh2j8Jda,,,,,32.3251,-95.2981,qr,EN,1094,2,2004,1,1,1,2,,7,6,8,9,10,7,8,10,6,6,9,6
2025-09-17 12:11:46,2025-09-17 12:16:35,0,192.88.11.210,100,288,1,2025-09-17 12:16:35,R_55LVF4wCBlfapu5,,,,,32.3251,-95.2981,qr,EN,1079,1,2001,1,5,2,2,,3,2,2,5,2,3,2,2,2,4,2,2
2025-09-17 12:11:40,2025-09-17 12:16:35,0,192.88.11.210,100,294,1,2025-09-17 12:16:35,R_5aYmF6p7yGn4hOx,,,,,32.3251,-95.2981,qr,EN,1073,2,2004,1,1,2,2,,3,3,3,6,6,7,8,10,6,7,7,8
2025-09-17 12:11:42,2025-09-17 12:16:39,0,192.88.11.210,100,296,1,2025-09-17 12:16:40,R_19h40dcSbeeI43v,,,,,32.3251,-95.2981,qr,EN,1028,2,1984,2,5,2,2,,8,8,6,9,10,8,8,10,7,7,10,8
2025-09-17 12:14:31,2025-09-17 12:16:42,0,192.88.11.210,100,131,1,2025-09-17 12:16:42,R_72Mhav7c8bpIVQt,,,,,32.3251,-95.2981,qr,EN,1047,2,2005,1,3,1,1,7,9,10,10,10,10,10,10,10,10,8,10,10
2025-09-17 12:13:58,2025-09-17 12:17:00,0,192.88.11.210,100,182,1,2025-09-17 12:17:01,R_341A0vfpHQeveoA,,,,,32.3251,-95.2981,qr,EN,1058,2,2001,1,4,1,2,,6,4,3,9,8,4,8,9,6,4,3,7
2025-09-17 12:11:40,2025-09-17 12:13:31,0,104.243.215.199,90,110,0,2025-09-24 12:13:34,R_1FL0n1JmPC2Ybd9,,,,,37.751,-97.822,qr,EN,1046,2,2004,1,3,2,1,7,,,,,,,,,,,,
2025-09-17 12:15:29,2025-09-17 12:15:39,0,192.88.11.210,20,10,0,2025-09-24 12:15:43,R_65WIyNRiQhRatlg,,,,,32.3251,-95.2981,qr,EN,1019,,,,,,,,,,,,,,,,,,,
